1791369676	1383239680
1791369706	1384370176
1791369736	1435611136
1791369766	1434951680
1791369796	1436094464
1791369826	1392033792
1791369856	1389817856
1791369886	1340559360
1791369916	1345048576
1791369946	1245388800
1791369976	1410060288
1791370006	1406242816
1791370036	1396477952
1791370066	1352114176
1791370096	1418412032
1791370126	1417461760
1791370156	1418055680
1791370186	1341943808
1791370216	1310515200
1791370246	1299255296
1791370276	1296613376
1791370306	1295687680
1791370336	1442324480
1791370366	1441402880
1791370396	1440735232
1791370426	1429340160
1791370456	1413533696
1791370486	1411063808
1791370516	1402843136
1791370546	1423282176
1791370576	1423884288
1791370606	1428115456
1791370636	1427189760
1791370666	1306234880
1791370696	1313181696
1791370726	1313292288
1791370756	1314140160
1791370786	1428938752
1791370816	1355558912
1791370846	1455505408
1791370876	1543090176
1791370906	1401401344
1791370936	1349357568
1791370966	1428955136
1791370996	1422675968
1791371026	1421537280
1791371056	1416085504
1791371086	1336582144
1791371116	1336868864
1791371146	1437884416
1791371176	1434296320
1791371206	1436307456
1791371236	1435893760
1791371266	1320919040
1791371296	1432834048
1791371326	1433853952
1791371356	1434722304
1791371386	1426157568
1791371416	1388752896
1791371446	1380229120
1791371476	1395216384
1791371506	1426251776
1791371536	1389391872
1791371566	1384648704
1791371596	1351409664
1791371626	1435357184
1791371656	1436192768
1791371686	1437446144
1791371716	1437036544
1791371746	1457184768
1791371776	1456148480
1791371806	1455230976
1791371836	1454034944
1791371866	1262391296
1791371896	1490841600
1791371926	1489752064
1791371956	1488838656
1791371986	1377964032
1791372016	1431347200
1791372046	1432403968
1791372076	1431404544
1791372106	1430478848
1791372136	1424977920
1791372166	1416564736
1791372196	1415757824
1791372226	1414832128
1791372256	1439207424
1791372286	1438273536
1791372316	1441112064
1791372346	1404825600
1791372376	1403883520
