1791412875	41.228571428572266
1791412905	37.58095238095156
1791412935	32.99047619047564
1791412965	29.123809523811197
1791412995	27.019047619043192
1791413025	29.057142857144804
1791413055	30.123809523807033
1791413085	30.09523809523672
1791413115	27.90476190475776
1791413145	29.133333333330015
1791413175	29.22857142857366
1791413205	29.89523809523754
1791413235	27.352380952375142
1791413265	27.88571428571318
1791413295	30.866666666669996
1791413325	30.466666666664732
1791413355	30.495238095235056
1791413385	30.23809523809524
1791413415	28.933333333337774
1791413445	29.238095238092477
1791413475	29.97142857142968
1791413505	30.952380952380953
1791413535	30.58095238095294
1791413565	30.752380952381785
1791413595	29.52380952380953
1791413625	26.66666666666667
1791413655	27.714285714284337
1791413685	27.285714285715677
1791413715	27.85714285714287
1791413745	29.761904761904766
1791413775	30.819047619048177
1791413805	30.942857142862135
1791413835	27.92380952380925
1791413865	26.771428571429134
1791413895	29.02857142857448
1791413925	29.133333333330015
1791413955	29.619047619053173
1791413985	28.65714285713954
1791414015	35.23994552536593
1791414045	55.441963180842535
1791414075	76.17506520207996
1791414105	95.41961471436399
1791414135	99.9904710175981
1791414165	99.971431292259
1791414195	92.60931264702607
1791414225	86.00952380952852
1791414255	81.18832628490875
1791414285	77.5904761904773
1791414315	77.77100516200642
1791414345	64.50104296640214
1791414375	51.1904761904762
1791414405	37.333333333330565
1791414435	27.685714285714013
1791414465	28.485714285717624
1791414495	28.933333333330847
1791414525	29.26666666666279
1791414555	27.00952380952437
1791414585	30.352380952376524
1791414615	35.25714285713981
1791414645	35.79999999999668
1791414675	36.03809523809885
1791414705	38.29523809523727
1791414735	33.619047619043464
1791414765	30.92380952381064
1791414795	28.323809523814525
1791414825	26.695238095236995
1791414855	29.209523809522153
1791414885	29.02857142857448
1791414915	29.22857142857366
1791414945	26.48571428571901
1791414975	27.104761904761077
1791415005	26.90476190476191
1791415035	26.9523809523768
1791415065	27.295238095241427
1791415095	28.67619047619103
1791415125	29.114285714285447
1791415155	28.26666666666695
1791415185	29.63809523809774
1791415215	28.65714285713954
1791415245	28.98095238095266
1791415275	28.51428571428101
1791415305	30.92380952381064
1791415335	30.647619047619333
1791415365	29.800000000000836
1791415395	27.58095238095155
1791415425	29.419047619047067
1791415455	29.457142857143136
1791415485	29.26666666666279
1791415515	27.285714285715677
1791415545	29.819047619045413
1791415575	31.3523809523793
