1791366073	62.75826066934893
1791366103	69.45710922721779
1791366133	67.37534314007658
1791366163	67.33107980698804
1791366193	66.32691746575546
1791366223	60.67530364051028
1791366253	69.53273402500581
1791366283	69.48847069191729
1791366313	69.1770394380343
1791366343	69.5811656540354
1791366373	68.6319851211684
1791366403	68.58792027836277
1791366433	66.5772137125027
1791366463	66.53255339884836
1791366493	69.14210514824246
1791366523	69.11749235316185
1791366553	68.9348812928863
1791366583	64.49862346988805
1791366613	64.58595919436763
1791366643	66.12902265369598
1791366673	66.26538547805391
1791366703	69.24988537186162
1791366733	69.38009499744939
1791366763	69.32987695587363
1791366793	68.99323743606132
1791366823	70.92355543734357
1791366853	70.87710871114304
1791366883	66.34041480499322
1791366913	64.04884448881805
1791366943	70.58909931064325
1791366973	69.54126910717086
1791367003	69.80426873202423
1791367033	69.86322034604797
1791367063	69.52439743312367
1791367093	69.93646326044109
1791367123	70.17921687643782
1791367153	70.02757030029595
1791367183	65.55836309033492
1791367213	63.51669204034116
1791367243	62.303320940923335
1791367273	63.1131612951888
1791367303	63.167944613271466
1791367333	70.26893448431233
1791367363	70.44559083610062
1791367393	70.19767647274828
1791367423	69.80486420287295
1791367453	66.42120035013686
1791367483	66.3543091247968
1791367513	68.04227049064812
1791367543	70.03233406708574
1791367573	69.80407024174131
1791367603	69.91383536818955
1791367633	69.09843728600266
1791367663	63.044880637868374
1791367693	67.98411283775603
1791367723	67.93945252410168
1791367753	67.98550226973639
1791367783	67.89975446752004
1791367813	67.27887686258319
1791367843	66.48809157547693
1791367873	69.31677659720168
1791367903	69.81895701295943
1791367933	70.05079366339622
1791367963	70.18278970153015
1791367993	69.44718471307237
1791368023	69.49819671577978
1791368053	70.46802023806924
1791368083	69.4503605575989
1791368113	69.39974553545731
1791368143	69.32034942229404
1791368173	72.07519605877695
1791368203	72.00016673183765
1791368233	71.20898446416555
1791368263	70.45988213647001
1791368293	66.96387278360788
1791368323	64.84836334837227
1791368353	64.43927487529848
1791368383	62.459731283855
1791368413	69.95790021099518
1791368443	70.07183363338447
1791368473	70.02578388774978
1791368503	69.98112357409542
1791368533	66.97439276860202
1791368563	66.17666032159394
1791368593	64.15463980960811
1791368623	64.4714303011296
1791368653	70.30128840042636
1791368683	70.04424348406025
1791368713	69.9924375202212
1791368743	68.67843184736891
1791368773	70.03650236302683
