epoch	pod	mem_bytes
1778105586	unknown	14147584
1778105616	unknown	14147584
1778105646	unknown	14147584
1778105676	unknown	14147584
1778105706	unknown	14147584
1778105736	unknown	14147584
1778105766	unknown	14147584
1778105796	unknown	14147584
1778105826	unknown	14147584
1778105856	unknown	14163968
1778105886	unknown	14163968
1778105916	unknown	14163968
1778105946	unknown	14163968
1778105976	unknown	14163968
1778106006	unknown	14163968
1778106036	unknown	14163968
1778106066	unknown	14163968
1778106096	unknown	14163968
1778106126	unknown	14163968
1778106156	unknown	14163968
1778106186	unknown	14163968
1778106216	unknown	14163968
1778106246	unknown	14163968
1778106276	unknown	14163968
1778106306	unknown	14163968
1778106336	unknown	14163968
1778106366	unknown	14163968
1778106396	unknown	14163968
1778106426	unknown	14163968
1778106456	unknown	14163968
1778106486	unknown	14163968
1778106516	unknown	14163968
1778106546	unknown	14163968
1778106576	unknown	14163968
1778106606	unknown	14163968
1778106636	unknown	14168064
1778106666	unknown	14163968
1778106696	unknown	14163968
1778106726	unknown	14163968
1778106756	unknown	14163968
1778106786	unknown	14163968
1778106816	unknown	14163968
1778106846	unknown	14168064
1778106876	unknown	14163968
1778106906	unknown	14163968
1778106936	unknown	14163968
1778106966	unknown	14163968
1778106996	unknown	14163968
1778107026	unknown	14163968
1778107056	unknown	14163968
1778107086	unknown	14163968
1778107116	unknown	14163968
1778107146	unknown	14163968
1778107176	unknown	14163968
1778107206	unknown	14163968
1778107236	unknown	14163968
1778107266	unknown	14163968
1778107296	unknown	14163968
1778107326	unknown	14163968
1778107356	unknown	14163968
1778107386	unknown	14168064
1778107416	unknown	14163968
1778107446	unknown	14163968
1778107476	unknown	14163968
1778107506	unknown	14163968
1778107536	unknown	14163968
1778107566	unknown	14163968
1778107596	unknown	14163968
1778107626	unknown	14163968
1778107656	unknown	14163968
1778107686	unknown	14163968
1778107716	unknown	14163968
1778107746	unknown	14163968
1778107776	unknown	14163968
1778107806	unknown	14163968
1778107836	unknown	14163968
1778107866	unknown	14163968
1778107896	unknown	14163968
1778107926	unknown	14163968
1778107956	unknown	14163968
1778107986	unknown	14163968
1778108016	unknown	14163968
1778108046	unknown	14163968
1778108076	unknown	14163968
1778108106	unknown	14163968
1778108136	unknown	14163968
1778108166	unknown	14163968
1778108196	unknown	14163968
1778105586	unknown	151556096
1778105616	unknown	151609344
1778105646	unknown	151629824
1778105676	unknown	151625728
1778105706	unknown	152010752
1778105736	unknown	152186880
1778105766	unknown	152190976
1778105796	unknown	152887296
1778105826	unknown	152915968
1778105856	unknown	152920064
1778105886	unknown	152928256
1778105916	unknown	152932352
1778105946	unknown	153292800
1778105976	unknown	153292800
1778106006	unknown	153292800
1778106036	unknown	153112576
1778106066	unknown	153604096
1778106096	unknown	153792512
1778106126	unknown	153616384
1778106156	unknown	153616384
1778106186	unknown	153616384
1778106216	unknown	153616384
1778106246	unknown	153620480
1778106276	unknown	153620480
1778106306	unknown	153620480
1778106336	unknown	153624576
1778106366	unknown	153624576
1778106396	unknown	153624576
1778106426	unknown	153628672
1778106456	unknown	153636864
1778106486	unknown	153636864
1778106516	unknown	153645056
1778106546	unknown	153645056
1778106576	unknown	153645056
1778106606	unknown	153645056
1778106636	unknown	153833472
1778106666	unknown	153833472
1778106696	unknown	153837568
1778106726	unknown	153858048
1778106756	unknown	153858048
1778106786	unknown	153866240
1778106816	unknown	153862144
1778106846	unknown	153866240
1778106876	unknown	153866240
1778106906	unknown	153882624
1778106936	unknown	153899008
1778106966	unknown	153907200
1778106996	unknown	153907200
1778107026	unknown	153927680
1778107056	unknown	153931776
1778107086	unknown	153927680
1778107116	unknown	154189824
1778107146	unknown	153927680
1778107176	unknown	153927680
1778107206	unknown	153927680
1778107236	unknown	154107904
1778107266	unknown	153931776
1778107296	unknown	154488832
1778107326	unknown	154513408
1778107356	unknown	154521600
1778107386	unknown	154521600
1778107416	unknown	154525696
1778107446	unknown	154525696
1778107476	unknown	154546176
1778107506	unknown	154718208
1778107536	unknown	154718208
1778107566	unknown	154726400
1778107596	unknown	154726400
1778107626	unknown	154742784
1778107656	unknown	154746880
1778107686	unknown	154755072
1778107716	unknown	154755072
1778107746	unknown	154767360
1778107776	unknown	154767360
1778107806	unknown	154771456
1778107836	unknown	154595328
1778107866	unknown	154595328
1778107896	unknown	154771456
1778107926	unknown	154599424
1778107956	unknown	154603520
1778107986	unknown	154615808
1778108016	unknown	154615808
1778108046	unknown	154624000
1778108076	unknown	154624000
1778108106	unknown	154628096
1778108136	unknown	154628096
1778108166	unknown	154632192
1778108196	unknown	154632192
1778105586	unknown	136605696
1778105616	unknown	136638464
1778105646	unknown	136650752
1778105676	unknown	139808768
1778105706	unknown	140103680
1778105736	unknown	140099584
1778105766	unknown	141422592
1778105796	unknown	143650816
1778105826	unknown	143659008
1778105856	unknown	143663104
1778105886	unknown	145317888
1778105916	unknown	148082688
1778105946	unknown	148328448
1778105976	unknown	148340736
1778106006	unknown	148353024
1778106036	unknown	148996096
1778106066	unknown	149012480
1778106096	unknown	149012480
1778106126	unknown	149622784
1778106156	unknown	149663744
1778106186	unknown	149667840
1778106216	unknown	149667840
1778106246	unknown	150315008
1778106276	unknown	150315008
1778106306	unknown	150315008
1778106336	unknown	150515712
1778106366	unknown	152227840
1778106396	unknown	152051712
1778106426	unknown	152174592
1778106456	unknown	152182784
1778106486	unknown	153612288
1778106516	unknown	153911296
1778106546	unknown	153665536
1778106576	unknown	153669632
1778106606	unknown	153669632
1778106636	unknown	153681920
1778106666	unknown	153686016
1778106696	unknown	153690112
1778106726	unknown	153751552
1778106756	unknown	153751552
1778106786	unknown	153751552
1778106816	unknown	153755648
1778106846	unknown	153759744
1778106876	unknown	153759744
1778106906	unknown	153911296
1778106936	unknown	153919488
1778106966	unknown	153923584
1778106996	unknown	153923584
1778107026	unknown	153944064
1778107056	unknown	153944064
1778107086	unknown	153952256
1778107116	unknown	153956352
1778107146	unknown	153952256
1778107176	unknown	153952256
1778107206	unknown	153960448
1778107236	unknown	153968640
1778107266	unknown	153989120
1778107296	unknown	154009600
1778107326	unknown	154677248
1778107356	unknown	154681344
1778107386	unknown	154746880
1778107416	unknown	154750976
1778107446	unknown	154746880
1778107476	unknown	154763264
1778107506	unknown	154759168
1778107536	unknown	154759168
1778107566	unknown	154771456
1778107596	unknown	154771456
1778107626	unknown	154775552
1778107656	unknown	154775552
1778107686	unknown	154791936
1778107716	unknown	154791936
1778107746	unknown	154796032
1778107776	unknown	154791936
1778107806	unknown	154791936
1778107836	unknown	154804224
1778107866	unknown	155070464
1778107896	unknown	154812416
1778107926	unknown	155222016
1778107956	unknown	155226112
1778107986	unknown	155222016
1778108016	unknown	155222016
1778108046	unknown	155242496
1778108076	unknown	155238400
1778108106	unknown	155242496
1778108136	unknown	155426816
1778108166	unknown	156123136
1778108196	unknown	156176384
1778105586	unknown	14151680
1778105616	unknown	14151680
1778105646	unknown	14151680
1778105676	unknown	14151680
1778105706	unknown	14151680
1778105736	unknown	14151680
1778105766	unknown	14151680
1778105796	unknown	14151680
1778105826	unknown	14151680
1778105856	unknown	14151680
1778105886	unknown	14151680
1778105916	unknown	14151680
1778105946	unknown	14151680
1778105976	unknown	14151680
1778106006	unknown	14151680
1778106036	unknown	14151680
1778106066	unknown	14151680
1778106096	unknown	14151680
1778106126	unknown	14151680
1778106156	unknown	14151680
1778106186	unknown	14151680
1778106216	unknown	14151680
1778106246	unknown	14151680
1778106276	unknown	14151680
1778106306	unknown	14151680
1778106336	unknown	14151680
1778106366	unknown	14151680
1778106396	unknown	14151680
1778106426	unknown	14151680
1778106456	unknown	14151680
1778106486	unknown	14151680
1778106516	unknown	14151680
1778106546	unknown	14151680
1778106576	unknown	14151680
1778106606	unknown	14151680
1778106636	unknown	14151680
1778106666	unknown	14151680
1778106696	unknown	14151680
1778106726	unknown	14151680
1778106756	unknown	14151680
1778106786	unknown	14151680
1778106816	unknown	14151680
1778106846	unknown	14151680
1778106876	unknown	14151680
1778106906	unknown	14151680
1778106936	unknown	14151680
1778106966	unknown	14151680
1778106996	unknown	14151680
1778107026	unknown	14151680
1778107056	unknown	14151680
1778107086	unknown	14151680
1778107116	unknown	14151680
1778107146	unknown	14151680
1778107176	unknown	14151680
1778107206	unknown	14151680
1778107236	unknown	14151680
1778107266	unknown	14151680
1778107296	unknown	14151680
1778107326	unknown	14151680
1778107356	unknown	14155776
1778107386	unknown	14151680
1778107416	unknown	14151680
1778107446	unknown	14151680
1778107476	unknown	14151680
1778107506	unknown	14151680
1778107536	unknown	14151680
1778107566	unknown	14151680
1778107596	unknown	14151680
1778107626	unknown	14151680
1778107656	unknown	14151680
1778107686	unknown	14151680
1778107716	unknown	14151680
1778107746	unknown	14151680
1778107776	unknown	14151680
1778107806	unknown	14151680
1778107836	unknown	14151680
1778107866	unknown	14151680
1778107896	unknown	14151680
1778107926	unknown	14151680
1778107956	unknown	14151680
1778107986	unknown	14151680
1778108016	unknown	14151680
1778108046	unknown	14151680
1778108076	unknown	14151680
1778108106	unknown	14151680
1778108136	unknown	14151680
1778108166	unknown	14151680
1778108196	unknown	14151680
1778105586	unknown	15454208
1778105616	unknown	15454208
1778105646	unknown	15454208
1778105676	unknown	15454208
1778105706	unknown	15454208
1778105736	unknown	15454208
1778105766	unknown	15454208
1778105796	unknown	18595840
1778105826	unknown	18595840
1778105856	unknown	18595840
1778105886	unknown	18595840
1778105916	unknown	18595840
1778105946	unknown	18595840
1778105976	unknown	18595840
1778106006	unknown	18595840
1778106036	unknown	18595840
1778106066	unknown	18595840
1778106096	unknown	18595840
1778106126	unknown	18595840
1778106156	unknown	18595840
1778106186	unknown	18595840
1778106216	unknown	18595840
1778106246	unknown	18595840
1778106276	unknown	18595840
1778106306	unknown	19341312
1778106336	unknown	19341312
1778106366	unknown	19341312
1778106396	unknown	19341312
1778106426	unknown	19341312
1778106456	unknown	19341312
1778106486	unknown	19341312
1778106516	unknown	19341312
1778106546	unknown	19341312
1778106576	unknown	19341312
1778106606	unknown	19341312
1778106636	unknown	19341312
1778106666	unknown	19341312
1778106696	unknown	19341312
1778106726	unknown	19341312
1778106756	unknown	19341312
1778106786	unknown	19341312
1778106816	unknown	19341312
1778106846	unknown	19341312
1778106876	unknown	19341312
1778106906	unknown	19341312
1778106936	unknown	19345408
1778106966	unknown	19345408
1778106996	unknown	19345408
1778107026	unknown	19345408
1778107056	unknown	19345408
1778107086	unknown	19345408
1778107116	unknown	19345408
1778107146	unknown	19345408
1778107176	unknown	19345408
1778107206	unknown	19345408
1778107236	unknown	19345408
1778107266	unknown	19345408
1778107296	unknown	19345408
1778107326	unknown	19345408
1778107356	unknown	19345408
1778107386	unknown	19345408
1778107416	unknown	19345408
1778107446	unknown	19345408
1778107476	unknown	19345408
1778107506	unknown	19345408
1778107536	unknown	19345408
1778107566	unknown	19345408
1778107596	unknown	19345408
1778107626	unknown	19345408
1778107656	unknown	19345408
1778107686	unknown	19345408
1778107716	unknown	19345408
1778107746	unknown	19345408
1778107776	unknown	19345408
1778107806	unknown	19345408
1778107836	unknown	19345408
1778107866	unknown	19345408
1778107896	unknown	19345408
1778107926	unknown	19345408
1778107956	unknown	19345408
1778107986	unknown	19345408
1778108016	unknown	19345408
1778108046	unknown	19345408
1778108076	unknown	19345408
1778108106	unknown	19345408
1778108136	unknown	19345408
1778108166	unknown	19345408
1778108196	unknown	19345408
1778105586	unknown	45953024
1778105616	unknown	54562816
1778105646	unknown	54571008
1778105676	unknown	54935552
1778105706	unknown	55103488
1778105736	unknown	55234560
1778105766	unknown	55599104
1778105796	unknown	55934976
1778105826	unknown	55959552
1778105856	unknown	55963648
1778105886	unknown	56086528
1778105916	unknown	56086528
1778105946	unknown	56205312
1778105976	unknown	56209408
1778106006	unknown	56340480
1778106036	unknown	56340480
1778106066	unknown	56492032
1778106096	unknown	56492032
1778106126	unknown	56492032
1778106156	unknown	56492032
1778106186	unknown	56492032
1778106216	unknown	56492032
1778106246	unknown	56492032
1778106276	unknown	56496128
1778106306	unknown	56496128
1778106336	unknown	56496128
1778106366	unknown	56717312
1778106396	unknown	56721408
1778106426	unknown	56823808
1778106456	unknown	56823808
1778106486	unknown	56823808
1778106516	unknown	56823808
1778106546	unknown	56942592
1778106576	unknown	56942592
1778106606	unknown	56942592
1778106636	unknown	56942592
1778106666	unknown	56942592
1778106696	unknown	56999936
1778106726	unknown	56999936
1778106756	unknown	56999936
1778106786	unknown	56999936
1778106816	unknown	57131008
1778106846	unknown	57131008
1778106876	unknown	57131008
1778106906	unknown	57131008
1778106936	unknown	57131008
1778106966	unknown	57131008
1778106996	unknown	57131008
1778107026	unknown	57131008
1778107056	unknown	57131008
1778107086	unknown	57270272
1778107116	unknown	57270272
1778107146	unknown	57270272
1778107176	unknown	57274368
1778107206	unknown	57282560
1778107236	unknown	57274368
1778107266	unknown	57286656
1778107296	unknown	57286656
1778107326	unknown	57286656
1778107356	unknown	57286656
1778107386	unknown	57294848
1778107416	unknown	57294848
1778107446	unknown	57294848
1778107476	unknown	57294848
1778107506	unknown	57294848
1778107536	unknown	57298944
1778107566	unknown	57298944
1778107596	unknown	57507840
1778107626	unknown	57507840
1778107656	unknown	57507840
1778107686	unknown	57507840
1778107716	unknown	57516032
1778107746	unknown	57516032
1778107776	unknown	57516032
1778107806	unknown	57516032
1778107836	unknown	57516032
1778107866	unknown	58712064
1778107896	unknown	58712064
1778107926	unknown	58712064
1778107956	unknown	58712064
1778107986	unknown	58712064
1778108016	unknown	58712064
1778108046	unknown	58712064
1778108076	unknown	58712064
1778108106	unknown	58712064
1778108136	unknown	58712064
1778108166	unknown	58712064
1778108196	unknown	58712064
1778105586	unknown	151154688
1778105616	unknown	151560192
1778105646	unknown	151609344
1778105676	unknown	151764992
1778105706	unknown	151764992
1778105736	unknown	152199168
1778105766	unknown	152428544
1778105796	unknown	153423872
1778105826	unknown	153432064
1778105856	unknown	153432064
1778105886	unknown	153563136
1778105916	unknown	153845760
1778105946	unknown	153882624
1778105976	unknown	153915392
1778106006	unknown	153935872
1778106036	unknown	153935872
1778106066	unknown	153939968
1778106096	unknown	154423296
1778106126	unknown	154992640
1778106156	unknown	155131904
1778106186	unknown	155152384
1778106216	unknown	155422720
1778106246	unknown	155627520
1778106276	unknown	155631616
1778106306	unknown	155713536
1778106336	unknown	155717632
1778106366	unknown	155717632
1778106396	unknown	156037120
1778106426	unknown	156037120
1778106456	unknown	156610560
1778106486	unknown	156618752
1778106516	unknown	156618752
1778106546	unknown	156618752
1778106576	unknown	156618752
1778106606	unknown	156626944
1778106636	unknown	156639232
1778106666	unknown	156639232
1778106696	unknown	156721152
1778106726	unknown	156721152
1778106756	unknown	156721152
1778106786	unknown	156721152
1778106816	unknown	156729344
1778106846	unknown	156737536
1778106876	unknown	156737536
1778106906	unknown	156741632
1778106936	unknown	156749824
1778106966	unknown	156876800
1778106996	unknown	156876800
1778107026	unknown	156884992
1778107056	unknown	156893184
1778107086	unknown	156897280
1778107116	unknown	156897280
1778107146	unknown	156905472
1778107176	unknown	156905472
1778107206	unknown	156905472
1778107236	unknown	156905472
1778107266	unknown	156905472
1778107296	unknown	156905472
1778107326	unknown	156905472
1778107356	unknown	156909568
1778107386	unknown	156921856
1778107416	unknown	156921856
1778107446	unknown	156934144
1778107476	unknown	156934144
1778107506	unknown	157081600
1778107536	unknown	157081600
1778107566	unknown	157085696
1778107596	unknown	157085696
1778107626	unknown	157085696
1778107656	unknown	157085696
1778107686	unknown	157093888
1778107716	unknown	157093888
1778107746	unknown	157097984
1778107776	unknown	157097984
1778107806	unknown	157175808
1778107836	unknown	157175808
1778107866	unknown	157319168
1778107896	unknown	157433856
1778107926	unknown	157446144
1778107956	unknown	157454336
1778107986	unknown	157462528
1778108016	unknown	157462528
1778108046	unknown	157462528
1778108076	unknown	157462528
1778108106	unknown	157462528
1778108136	unknown	157474816
1778108166	unknown	157474816
1778108196	unknown	157474816
